"Geolocation","Place of Occurrence Both Sexes","Place of Occurrence Male","Place of Occurrence Female","Usual Residence Both Sexes","Usual Residence Male","Usual Residence Female"
"PHILIPPINES",1358989,705714,653275,1358989,705714,653275
"NATIONAL CAPITAL REGION (NCR)",169300,87945,81355,152638,79305,73333
"......City of Caloocan",12680,6560,6120,18537,9727,8810
"......City of Las Pińas",6619,3426,3193,6522,3408,3114
"......City of Makati",2268,1206,1062,3183,1647,1536
"......City of Malabon",2556,1330,1226,4615,2450,2165
"......City of Mandaluyong",3646,1899,1747,4452,2288,2164
"......City of Manila",43361,22618,20743,22313,11616,10697
"......City of Marikina",7870,3988,3882,5584,2870,2714
"......City of Muntinlupa",5818,3031,2787,5506,2840,2666
"......City of Navotas",2520,1326,1194,3175,1642,1533
"......City of Parańaque",5818,2964,2854,7430,3788,3642
"......Pasay City",4240,2206,2034,4869,2544,2325
"......City of Pasig",12518,6498,6020,10018,5260,4758
"......Quezon City",37024,19335,17689,32578,16999,15579
"......City of San Juan",1747,929,818,1232,654,578
"......City of Taguig",13289,6826,6463,14198,7225,6973
"......City of Valenzuela",6525,3406,3119,7698,3984,3714
"......Pateros",801,397,404,728,363,365
"CORDILLERA ADMINISTRATIVE REGION (CAR)",25371,13103,12268,23760,12305,11455
"....ABRA",2314,1185,1129,2683,1387,1296
"......Bangued",2040,1043,997,552,277,275
"......Boliney",9,6,3,50,28,22
"......Bucay",35,22,13,184,94,90
"......Bucloc",3,2,1,23,13,10
"......Daguioman",0,0,0,17,8,9
"......Danglas",0,0,0,54,26,28
"......Dolores",32,13,19,133,63,70
"......La Paz",3,1,2,154,73,81
"......Lacub",8,4,4,48,23,25
"......Lagangilang",5,2,3,136,81,55
"......Lagayan",9,5,4,60,23,37
"......Langiden",4,1,3,50,24,26
"......Licuan-Baay",5,4,1,45,25,20
"......Luba",8,4,4,53,29,24
"......Malibcong",4,3,1,43,18,25
"......Manabo",5,4,1,107,49,58
"......Peńarrubia",10,6,4,90,59,31
"......Pidigan",1,1,0,135,85,50
"......Pilar",39,23,16,117,67,50
"......Sallapadan",5,2,3,70,34,36
"......San Isidro",1,1,0,46,17,29
"......San Juan",28,14,14,124,65,59
"......San Quintin",1,1,0,76,45,31
"......Tayum",15,4,11,160,79,81
"......Tineg",18,8,10,55,24,31
"......Tubo",20,10,10,53,33,20
"......Villaviciosa",6,1,5,48,25,23
"....APAYAO",3660,1898,1762,1798,939,859
"......Calanasan",47,21,26,147,80,67
"......Conner",848,440,408,489,260,229
"......Flora",85,41,44,217,109,108
"......Kabugao",91,52,39,245,128,117
"......Luna",2511,1305,1206,311,154,157
"......Pudtol",58,27,31,233,121,112
"......Santa Marcela",20,12,8,156,87,69
"....BENGUET",3888,1976,1912,5751,2945,2806
"......Atok",232,111,121,229,115,114
"......Bakun",26,17,9,219,123,96
"......Bokod",211,111,100,192,104,88
"......Buguias",185,97,88,609,331,278
"......Itogon",26,15,11,668,359,309
"......Kabayan",11,6,5,203,90,113
"......Kapangan",82,41,41,196,97,99
"......Kibungan",59,29,30,224,106,118
"......La Trinidad",2998,1522,1476,1774,885,889
"......Mankayan",26,12,14,524,268,256
"......Sablan",2,1,1,125,62,63
"......Tuba",21,8,13,538,261,277
"......Tublay",9,6,3,250,144,106
"....IFUGAO",2044,1033,1011,2949,1527,1422
"......Aguinaldo",94,58,36,337,178,159
"......Alfonso Lista",430,234,196,464,256,208
"......Asipulo",62,26,36,217,98,119
"......Banaue",95,49,46,289,152,137
"......Hingyon",7,5,2,129,66,63
"......Hungduan",60,25,35,120,65,55
"......Kiangan",58,27,31,240,129,111
"......Lagawe",472,256,216,289,154,135
"......Lamut",495,243,252,402,205,197
"......Mayoyao",115,46,69,163,71,92
"......Tinoc",156,64,92,299,153,146
"....KALINGA",3649,1938,1711,3682,1947,1735
"......Balbalan",42,25,17,179,94,85
"......Lubuagan",76,44,32,152,80,72
"......Pasil",8,2,6,111,50,61
"......Pinukpuk",88,47,41,500,275,225
"......Rizal",185,109,76,302,175,127
"......City of Tabuk",3204,1687,1517,2112,1096,1016
"......Tanudan",3,3,0,111,56,55
"......Tinglayan",43,21,22,215,121,94
"....MOUNTAIN PROVINCE",3235,1669,1566,2193,1108,1085
"......Barlig",8,4,4,51,27,24
"......Bauko",2002,1062,940,559,284,275
"......Besao",99,50,49,77,40,37
"......Bontoc",625,312,313,274,138,136
"......Natonin",40,24,16,133,79,54
"......Paracelis",371,177,194,541,265,276
"......Sabangan",3,1,2,108,51,57
"......Sadanga",26,8,18,93,48,45
"......Sagada",53,27,26,136,61,75
"......Tadian",8,4,4,221,115,106
"....CITY OF BAGUIO",6581,3404,3177,4704,2452,2252
"REGION I (ILOCOS REGION)",63022,32821,30201,63424,33009,30415
"....ILOCOS NORTE",6063,3183,2880,6255,3274,2981
"......Adams",0,0,0,17,10,7
"......Bacarra",9,5,4,338,166,172
"......Badoc",14,8,6,340,171,169
"......Bangui",274,139,135,149,70,79
"......Banna",10,4,6,193,100,93
"......City of Batac",3567,1871,1696,565,305,260
"......Burgos",2,1,1,103,51,52
"......Carasi",0,0,0,8,2,6
"......Currimao",2,1,1,137,81,56
"......Dingras",20,6,14,399,206,193
"......Dumalneg",0,0,0,31,19,12
"......City of Laoag",1845,983,862,1158,617,541
"......Marcos",22,14,8,184,95,89
"......Nueva Era",14,7,7,115,58,57
"......Pagudpud",10,6,4,270,141,129
"......Paoay",2,1,1,249,126,123
"......Pasuquin",10,3,7,341,169,172
"......Piddig",40,20,20,245,139,106
"......Pinili",1,1,0,185,98,87
"......San Nicolas",175,86,89,411,222,189
"......Sarrat",9,4,5,248,140,108
"......Solsona",26,14,12,249,123,126
"......Vintar",11,9,2,320,165,155
"....ILOCOS SUR",7255,3779,3476,7228,3741,3487
"......Alilem",2,0,2,64,32,32
"......Banayoyo",0,0,0,87,56,31
"......Bantay",550,286,264,371,197,174
"......Burgos",3,0,3,142,71,71
"......Cabugao",221,128,93,440,240,200
"......City of Candon",1469,775,694,602,333,269
"......Caoayan",2,2,0,226,117,109
"......Cervantes",36,18,18,228,111,117
"......Galimuyod",2,1,1,70,27,43
"......Gregorio del Pilar",1,1,0,28,20,8
"......Lidlidda",0,0,0,42,20,22
"......Magsingal",202,104,98,338,178,160
"......Nagbukel",1,0,1,62,40,22
"......Narvacan",1247,643,604,528,247,281
"......Quirino",30,12,18,107,48,59
"......Salcedo",15,5,10,101,43,58
"......San Emilio",1,0,1,54,23,31
"......San Esteban",0,0,0,75,45,30
"......San Ildefonso",3,1,2,93,55,38
"......San Juan",1,0,1,268,138,130
"......San Vicente",1,0,1,118,54,64
"......Santa",14,4,10,132,62,70
"......Santa Catalina",3,1,2,140,81,59
"......Santa Cruz",5,3,2,387,196,191
"......Santa Lucia",79,41,38,222,119,103
"......Santa Maria",8,4,4,308,168,140
"......Santiago",1,0,1,217,114,103
"......Santo Domingo",23,12,11,302,153,149
"......Sigay",1,0,1,24,14,10
"......Sinait",1045,543,502,264,140,124
"......Sugpon",2,1,1,40,20,20
"......Suyo",4,1,3,111,51,60
"......Tagudin",583,307,276,463,236,227
"......City of Vigan",1700,886,814,574,292,282
"....LA UNION",9798,5033,4765,9217,4744,4473
"......Agoo",2431,1280,1151,815,429,386
"......Aringay",70,34,36,597,319,278
"......Bacnotan",277,143,134,464,244,220
"......Bagulin",17,9,8,157,76,81
"......Balaoan",440,209,231,460,228,232
"......Bangar",21,9,12,418,193,225
"......Bauang",28,18,10,998,512,486
"......Burgos",3,2,1,91,40,51
"......Caba",53,27,26,270,143,127
"......Luna",6,5,1,353,187,166
"......Naguilian",466,220,246,571,279,292
"......Pugo",3,0,3,180,102,78
"......Rosario",174,91,83,606,317,289
"......City of San Fernando",5661,2910,2751,1478,760,718
"......San Gabriel",47,23,24,212,108,104
"......San Juan",0,0,0,427,223,204
"......Santo Tomas",32,16,16,475,254,221
"......Santol",14,9,5,152,82,70
"......Sudipen",2,1,1,164,86,78
"......Tubao",53,27,26,329,162,167
"....PANGASINAN",39906,20826,19080,40724,21250,19474
"......Agno",35,18,17,369,189,180
"......Aguilar",227,121,106,580,299,281
"......City of Alaminos",4267,2260,2007,1330,709,621
"......Alcala",6,5,1,493,254,239
"......Anda",208,108,100,526,282,244
"......Asingan",171,93,78,637,333,304
"......Balungao",15,7,8,321,151,170
"......Bani",120,67,53,614,337,277
"......Basista",50,29,21,491,258,233
"......Bautista",63,35,28,422,219,203
"......Bayambang",1959,989,970,1882,962,920
"......Binalonan",19,9,10,621,331,290
"......Binmaley",160,83,77,1037,553,484
"......Bolinao",425,201,224,1233,636,597
"......Bugallon",218,113,105,1036,545,491
"......Burgos",14,5,9,251,135,116
"......Calasiao",230,126,104,1325,706,619
"......City of Dagupan",8043,4192,3851,2431,1290,1141
"......Dasol",328,160,168,414,206,208
"......Infanta",133,75,58,420,220,200
"......Labrador",47,24,23,292,167,125
"......Laoac",0,0,0,391,205,186
"......Lingayen",853,430,423,1404,735,669
"......Mabini",26,14,12,353,174,179
"......Malasiqui",718,365,353,1984,1027,957
"......Manaoag",420,211,209,979,520,459
"......Mangaldan",366,196,170,1359,683,676
"......Mangatarem",620,319,301,938,480,458
"......Mapandan",600,313,287,522,271,251
"......Natividad",12,3,9,269,136,133
"......Pozorrubio",258,125,133,837,433,404
"......Rosales",2319,1232,1087,874,459,415
"......City of San Carlos",8760,4601,4159,2949,1507,1442
"......San Fabian",101,55,46,1074,554,520
"......San Jacinto",3,2,1,643,325,318
"......San Manuel",140,65,75,571,301,270
"......San Nicolas",44,18,26,490,238,252
"......San Quintin",74,35,39,464,244,220
"......Santa Barbara",64,37,27,1177,610,567
"......Santa Maria",21,10,11,410,236,174
"......Santo Tomas",0,0,0,148,71,77
"......Sison",41,18,23,518,281,237
"......Sual",46,27,19,557,284,273
"......Tayug",2229,1163,1066,631,333,298
"......Umingan",568,297,271,965,510,455
"......Urbiztondo",111,59,52,837,470,367
"......City of Urdaneta",4748,2499,2249,1952,1006,946
"......Villasis",26,12,14,703,375,328
"REGION II (CAGAYAN VALLEY)",43094,22455,20639,44359,23076,21283
"....BATANES",202,95,107,205,94,111
"......Basco",194,92,102,127,60,67
"......Itbayat",6,3,3,21,7,14
"......Ivana",1,0,1,18,9,9
"......Mahatao",0,0,0,14,6,8
"......Sabtang",1,0,1,12,8,4
"......Uyugan",0,0,0,13,4,9
"....CAGAYAN",13119,6895,6224,14207,7455,6752
"......Abulug",30,16,14,470,239,231
"......Alcala",167,95,72,336,178,158
"......Allacapan",134,63,71,462,240,222
"......Amulung",230,122,108,592,303,289
"......Aparri",1901,1006,895,899,461,438
"......Baggao",339,179,160,721,374,347
"......Ballesteros",333,163,170,406,194,212
"......Buguey",26,15,11,326,178,148
"......Calayan",120,62,58,178,93,85
"......Camalaniugan",507,262,245,333,183,150
"......Claveria",16,9,7,314,169,145
"......Enrile",75,41,34,369,201,168
"......Gattaran",307,174,133,570,298,272
"......Gonzaga",576,300,276,573,316,257
"......Iguig",97,46,51,361,173,188
"......Lal-lo",19,9,10,586,292,294
"......Lasam",272,138,134,445,225,220
"......Pamplona",44,23,21,301,167,134
"......Peńablanca",214,105,109,673,347,326
"......Piat",328,167,161,293,154,139
"......Rizal",24,7,17,147,73,74
"......Sanchez-Mira",118,63,55,276,155,121
"......Santa Ana",224,126,98,473,248,225
"......Santa Praxedes",14,6,8,36,20,16
"......Santa Teresita",30,17,13,232,125,107
"......Santo Nińo",105,50,55,309,170,139
"......Solana",396,205,191,932,477,455
"......Tuao",536,296,240,698,378,320
"......Tuguegarao City",5937,3130,2807,1896,1024,872
"....ISABELA",20298,10524,9774,20480,10610,9870
"......Alicia",784,416,368,884,454,430
"......Angadanan",166,76,90,501,250,251
"......Aurora",99,55,44,345,177,168
"......Benito Soliven",19,13,6,363,209,154
"......Burgos",37,16,21,245,127,118
"......Cabagan",1022,496,526,646,336,310
"......Cabatuan",206,102,104,441,217,224
"......City of Cauayan",2276,1168,1108,1853,977,876
"......Cordon",328,173,155,601,324,277
"......Delfin Albano",179,92,87,284,152,132
"......Dinapigue",79,36,43,94,40,54
"......Divilacan",14,10,4,48,26,22
"......Echague",1232,659,573,1072,579,493
"......Gamu",21,14,7,315,156,159
"......City of Ilagan",3174,1681,1493,1973,1053,920
"......Jones",228,112,116,490,243,247
"......Luna",7,5,2,209,114,95
"......Maconacon",15,6,9,47,24,23
"......Mallig",89,40,49,350,162,188
"......Naguilian",117,57,60,378,198,180
"......Palanan",159,80,79,223,120,103
"......Quezon",83,35,48,332,163,169
"......Quirino",9,2,7,240,111,129
"......Ramon",249,133,116,749,401,348
"......Reina Mercedes",4,3,1,313,139,174
"......Roxas",1598,829,769,795,408,387
"......San Agustin",68,28,40,213,109,104
"......San Guillermo",107,58,49,284,144,140
"......San Isidro",2,1,1,252,139,113
"......San Manuel",11,4,7,342,187,155
"......San Mariano",488,268,220,839,440,399
"......San Mateo",307,168,139,706,366,340
"......San Pablo",9,3,6,319,150,169
"......Santa Maria",128,75,53,365,203,162
"......City of Santiago",6414,3318,3096,2195,1107,1088
"......Santo Tomas",11,4,7,249,133,116
"......Tumauini",559,288,271,925,472,453
"....NUEVA VIZCAYA",6984,3620,3364,6717,3474,3243
"......Alfonso Castaneda",47,24,23,100,49,51
"......Ambaguio",55,24,31,254,129,125
"......Aritao",49,24,25,513,272,241
"......Bagabag",13,9,4,500,260,240
"......Bambang",1600,850,750,792,407,385
"......Bayombong",4307,2250,2057,973,508,465
"......Diadi",83,35,48,224,103,121
"......Dupax del Norte",132,70,62,397,221,176
"......Dupax del Sur",23,9,14,258,134,124
"......Kasibu",194,102,92,689,374,315
"......Kayapa",124,53,71,341,164,177
"......Quezon",25,12,13,330,169,161
"......Santa Fe",19,6,13,253,126,127
"......Solano",266,128,138,855,442,413
"......Villaverde",47,24,23,238,116,122
"....QUIRINO",2491,1321,1170,2750,1443,1307
"......Aglipay",21,12,9,406,211,195
"......Cabarroguis",1788,938,850,482,264,218
"......Diffun",356,195,161,756,377,379
"......Maddela",267,149,118,503,268,235
"......Nagtipunan",57,25,32,372,193,179
"......Saguday",2,2,0,231,130,101
"REGION III (CENTRAL LUZON)",155134,80226,74908,155148,80289,74859
"....AURORA",2557,1308,1249,3363,1740,1623
"......Baler",1940,986,954,618,322,296
"......Casiguran",227,117,110,343,175,168
"......Dilasag",30,18,12,253,136,117
"......Dinalungan",17,9,8,167,81,86
"......Dingalan",122,68,54,381,198,183
"......Dipaculao",71,38,33,508,257,251
"......Maria Aurora",102,51,51,646,335,311
"......San Luis",48,21,27,447,236,211
"....BATAAN",10671,5437,5234,11050,5633,5417
"......Abucay",17,8,9,522,246,276
"......Bagac",117,59,58,414,219,195
"......City of Balanga",6223,3183,3040,1253,652,601
"......Dinalupihan",1621,798,823,1601,802,799
"......Hermosa",21,10,11,1085,564,521
"......Limay",113,55,58,1074,542,532
"......Mariveles",1002,522,480,1853,938,915
"......Morong",146,66,80,463,213,250
"......Orani",1180,617,563,1026,540,486
"......Orion",62,32,30,705,375,330
"......Pilar",165,85,80,529,257,272
"......Samal",4,2,2,525,285,240
"....BULACAN",43514,22301,21213,44418,22849,21569
"......Angat",395,191,204,828,416,412
"......Balagtas",324,179,145,826,425,401
"......City of Baliwag",3321,1705,1616,2020,1041,979
"......Bocaue",3175,1625,1550,1862,934,928
"......Bulacan",207,109,98,779,393,386
"......Bustos",774,425,349,959,477,482
"......Calumpit",738,408,330,1326,699,627
"......Dońa Remedios Trinidad",120,59,61,384,183,201
"......Guiguinto",670,342,328,1276,684,592
"......Hagonoy",1029,532,497,1571,818,753
"......City of Malolos",8906,4601,4305,2594,1340,1254
"......Marilao",1655,862,793,3066,1605,1461
"......City of Meycauayan",1838,918,920,2695,1390,1305
"......Norzagaray",538,290,248,1792,970,822
"......Obando",136,62,74,598,290,308
"......Pandi",961,486,475,1877,941,936
"......Paombong",73,36,37,581,289,292
"......Plaridel",1513,772,741,1459,755,704
"......Pulilan",446,217,229,1228,621,607
"......San Ildefonso",1678,858,820,1515,779,736
"......City of San Jose del Monte",10027,5150,4877,7979,4085,3894
"......San Miguel",1214,582,632,2048,1050,998
"......San Rafael",335,171,164,1251,660,591
"......Santa Maria",3441,1721,1720,3904,2004,1900
"....NUEVA ECIJA",28903,15100,13803,28092,14670,13422
"......Aliaga",23,10,13,782,403,379
"......Bongabon",232,111,121,922,467,455
"......City of Cabanatuan",14665,7698,6967,4504,2340,2164
"......Cabiao",331,164,167,1100,552,548
"......Carranglan",159,68,91,497,242,255
"......Cuyapo",194,92,102,682,343,339
"......Gabaldon",149,78,71,517,281,236
"......City of Gapan",1582,793,789,1729,904,825
"......General Mamerto Natividad",128,66,62,575,293,282
"......General Tinio",154,84,70,743,416,327
"......Guimba",383,207,176,1279,657,622
"......Jaen",26,13,13,860,471,389
"......Laur",21,6,15,450,227,223
"......Licab",59,32,27,330,169,161
"......Llanera",11,6,5,449,254,195
"......Lupao",50,25,25,548,278,270
"......Science City of Muńoz",169,89,80,879,471,408
"......Nampicuan",21,9,12,123,56,67
"......City of Palayan",33,15,18,627,335,292
"......Pantabangan",91,38,53,344,168,176
"......Peńaranda",18,8,10,395,213,182
"......Quezon",66,33,33,511,280,231
"......Rizal",331,168,163,707,373,334
"......San Antonio",320,170,150,927,476,451
"......San Isidro",785,397,388,532,267,265
"......San Jose City",3105,1653,1452,1991,1042,949
"......San Leonardo",4131,2233,1898,844,461,383
"......Santa Rosa",127,60,67,1053,567,486
"......Santo Domingo",47,19,28,689,345,344
"......Talavera",1351,671,680,1640,830,810
"......Talugtug",50,28,22,253,145,108
"......Zaragoza",91,56,35,610,344,266
"....PAMPANGA",31754,16573,15181,32447,16918,15529
"......Apalit",1230,644,586,1453,797,656
"......Arayat",2658,1363,1295,2094,1069,1025
"......Bacolor",21,12,9,642,328,314
"......Candaba",111,59,52,1480,771,709
"......Floridablanca",1599,846,753,1636,849,787
"......Guagua",1948,1061,887,1451,781,670
"......Lubao",2001,1047,954,2244,1137,1107
"......Mabalacat City",2945,1515,1430,4058,2123,1935
"......Macabebe",1206,635,571,863,459,404
"......Magalang",1645,859,786,1650,873,777
"......Masantol",44,28,16,708,381,327
"......Mexico",2023,1048,975,2560,1296,1264
"......Minalin",8,1,7,603,316,287
"......Porac",1420,738,682,2267,1201,1066
"......City of San Fernando",11608,6054,5554,4838,2515,2323
"......San Luis",997,510,487,733,353,380
"......San Simon",54,21,33,834,415,419
"......Santa Ana",10,5,5,764,397,367
"......Santa Rita",1,0,1,555,302,253
"......Sto. Tomas",218,124,94,600,337,263
"......Sasmuan",7,3,4,414,218,196
"....TARLAC",18910,9754,9156,18507,9530,8977
"......Anao",8,2,6,97,50,47
"......Bamban",242,130,112,1121,601,520
"......Camiling",1111,575,536,952,482,470
"......Capas",2578,1336,1242,2284,1184,1100
"......Concepcion",2291,1192,1099,2518,1284,1234
"......Gerona",176,83,93,917,494,423
"......La Paz",765,365,400,877,418,459
"......Mayantoc",47,22,25,334,170,164
"......Moncada",526,250,276,687,340,347
"......Paniqui",683,356,327,997,528,469
"......Pura",41,21,20,283,144,139
"......Ramos",53,29,24,253,132,121
"......San Clemente",14,4,10,142,70,72
"......San Jose",297,149,148,521,264,257
"......San Manuel",174,99,75,299,154,145
"......Santa Ignacia",181,84,97,540,262,278
"......City of Tarlac",9557,4983,4574,4945,2582,2363
"......Victoria",166,74,92,740,371,369
"....ZAMBALES",7867,4077,3790,8595,4465,4130
"......Botolan",373,191,182,996,512,484
"......Cabangan",124,61,63,400,216,184
"......Candelaria",1407,731,676,387,199,188
"......Castillejos",20,9,11,860,457,403
"......Iba",2484,1293,1191,814,417,397
"......Masinloc",177,86,91,728,381,347
"......Palauig",24,11,13,526,283,243
"......San Antonio",13,7,6,438,228,210
"......San Felipe",23,12,11,304,159,145
"......San Marcelino",2606,1347,1259,459,258,201
"......San Narciso",1,1,0,270,143,127
"......Santa Cruz",408,215,193,916,468,448
"......Subic",207,113,94,1497,744,753
"....CITY OF ANGELES",7106,3678,3428,5973,3091,2882
"....CITY OF OLONGAPO",3852,1998,1854,2703,1393,1310
"REGION IV-A (CALABARZON)",190113,98793,91320,205232,106604,98628
"....BATANGAS",36404,18785,17619,36589,18861,17728
"......Agoncillo",82,40,42,476,270,206
"......Alitagtag",3,2,1,271,143,128
"......Balayan",2569,1347,1222,1194,626,568
"......Balete",157,88,69,275,147,128
"......Batangas City",5301,2758,2543,3746,1933,1813
"......Bauan",2197,1090,1107,1015,509,506
"......City of Calaca",389,202,187,1104,562,542
"......Calatagan",354,177,177,714,359,355
"......Cuenca",599,319,280,412,216,196
"......Ibaan",77,31,46,696,337,359
"......Laurel",163,85,78,644,339,305
"......Lemery",3257,1723,1534,1122,598,524
"......Lian",1,0,1,736,388,348
"......City of Lipa",6621,3444,3177,6059,3145,2914
"......Lobo",264,138,126,444,223,221
"......Mabini",51,26,25,413,208,205
"......Malvar",229,121,108,801,419,382
"......Mataasnakahoy",11,6,5,315,158,157
"......Nasugbu",1567,817,750,1733,899,834
"......Padre Garcia",107,47,60,697,343,354
"......Rosario",2395,1214,1181,1701,867,834
"......San Jose",1588,813,775,1121,586,535
"......San Juan",1580,817,763,1511,781,730
"......San Luis",119,67,52,359,202,157
"......San Nicolas",25,16,9,188,91,97
"......San Pascual",792,399,393,750,361,389
"......Santa Teresita",17,10,7,174,83,91
"......City of Sto. Tomas",1171,578,593,2909,1471,1438
"......Taal",447,247,200,687,372,315
"......Talisay",456,219,237,538,263,275
"......City of Tanauan",3153,1593,1560,2695,1368,1327
"......Taysan",19,11,8,416,222,194
"......Tingloy",41,16,25,130,66,64
"......Tuy",602,324,278,543,306,237
"....CAVITE",46294,23994,22300,54448,28291,26157
"......Alfonso",124,65,59,838,458,380
"......Amadeo",129,70,59,502,253,249
"......City of Bacoor",7414,3848,3566,7541,3937,3604
"......City of Carmona",507,287,220,1337,707,630
"......City of Cavite",807,435,372,1103,606,497
"......City of Dasmarińas",7574,3896,3678,8403,4369,4034
"......Gen. Mariano Alvarez",1057,533,524,2215,1178,1037
"......General Emilio Aguinaldo",276,152,124,297,166,131
"......City of General Trias",4363,2204,2159,5897,2999,2898
"......City of Imus",4044,2120,1924,5064,2617,2447
"......Indang",341,177,164,826,422,404
"......Kawit",923,494,429,1133,575,558
"......Magallanes",139,74,65,329,172,157
"......Maragondon",328,176,152,558,296,262
"......Mendez",477,246,231,404,211,193
"......Naic",2646,1367,1279,3146,1638,1508
"......Noveleta",544,270,274,547,296,251
"......Rosario",371,203,168,1460,767,693
"......Silang",3600,1898,1702,3792,1996,1796
"......City of Tagaytay",659,355,304,926,488,438
"......Tanza",2697,1345,1352,4469,2250,2219
"......Ternate",87,38,49,397,203,194
"......City of Trece Martires",7187,3741,3446,3264,1687,1577
"....LAGUNA",41188,21568,19620,41857,21883,19974
"......Alaminos",140,69,71,668,348,320
"......Bay",1135,572,563,933,462,471
"......City of Bińan",5196,2716,2480,5211,2725,2486
"......City of Cabuyao",3847,1977,1870,4287,2243,2044
"......City of Calamba",8652,4570,4082,7333,3888,3445
"......Calauan",454,237,217,1131,581,550
"......Cavinti",44,23,21,315,162,153
"......Famy",117,65,52,232,120,112
"......Kalayaan",222,114,108,314,177,137
"......Liliw",141,70,71,400,215,185
"......Los Bańos",800,408,392,1346,694,652
"......Luisiana",397,199,198,226,111,115
"......Lumban",99,53,46,380,211,169
"......Mabitac",106,57,49,273,151,122
"......Magdalena",62,30,32,350,167,183
"......Majayjay",320,169,151,333,177,156
"......Nagcarlan",617,333,284,742,410,332
"......Paete",13,6,7,295,153,142
"......Pagsanjan",214,104,110,491,237,254
"......Pakil",974,518,456,287,158,129
"......Pangil",245,139,106,306,157,149
"......Pila",308,152,156,675,371,304
"......Rizal",25,10,15,197,107,90
"......City of San Pablo",5288,2871,2417,3816,2038,1778
"......City of San Pedro",2816,1441,1375,3530,1792,1738
"......Santa Cruz",4468,2350,2118,1554,803,751
"......Santa Maria",97,45,52,359,193,166
"......City of Santa Rosa",4114,2124,1990,4814,2480,2334
"......Siniloan",129,69,60,540,282,258
"......Victoria",148,77,71,519,270,249
"....QUEZON",21184,11017,10167,26123,13666,12457
"......Agdangan",48,22,26,155,79,76
"......Alabat",459,233,226,216,117,99
"......Atimonan",606,331,275,771,434,337
"......Buenavista",157,82,75,468,239,229
"......Burdeos",155,93,62,303,161,142
"......Calauag",225,120,105,953,487,466
"......Candelaria",2321,1212,1109,1887,997,890
"......Catanauan",1247,663,584,1117,609,508
"......Dolores",204,103,101,388,202,186
"......General Luna",178,94,84,323,168,155
"......General Nakar",138,67,71,479,244,235
"......Guinayangan",326,163,163,520,284,236
"......Gumaca",1845,994,851,951,503,448
"......Infanta",1434,726,708,1117,575,542
"......Jomalig",86,41,45,112,56,56
"......Lopez",2651,1378,1273,1251,649,602
"......Lucban",283,162,121,613,330,283
"......Macalelon",141,80,61,341,188,153
"......Mauban",746,383,363,1000,516,484
"......Mulanay",426,230,196,828,437,391
"......Padre Burgos",45,23,22,215,119,96
"......Pagbilao",307,158,149,941,508,433
"......Panukulan",68,30,38,173,84,89
"......Patnanungan",126,64,62,144,75,69
"......Perez",14,7,7,228,107,121
"......Pitogo",20,7,13,255,133,122
"......Plaridel",0,0,0,117,64,53
"......Polillo",455,229,226,418,215,203
"......Quezon",6,0,6,207,107,100
"......Real",272,146,126,568,297,271
"......Sampaloc",69,30,39,134,61,73
"......San Andres",326,176,150,552,293,259
"......San Antonio",316,173,143,470,251,219
"......San Francisco",742,397,345,832,441,391
"......San Narciso",896,481,415,853,459,394
"......Sariaya",1340,652,688,2361,1201,1160
"......Tagkawayan",576,299,277,706,370,336
"......City of Tayabas",927,469,458,1446,739,707
"......Tiaong",746,369,377,1449,749,700
"......Unisan",257,130,127,261,118,143
"....RIZAL",36947,19152,17795,42271,21844,20427
"......Angono",1638,851,787,1752,920,832
"......City of Antipolo",12545,6469,6076,12619,6449,6170
"......Baras",293,136,157,1073,542,531
"......Binangonan",3015,1564,1451,3664,1886,1778
"......Cainta",1665,832,833,4044,2037,2007
"......Cardona",318,161,157,573,302,271
"......Jala-Jala",87,49,38,401,226,175
"......Morong",2866,1516,1350,895,491,404
"......Pililla",399,211,188,907,488,419
"......Rodriguez",5101,2634,2467,5304,2733,2571
"......San Mateo",2437,1310,1127,3036,1571,1465
"......Tanay",683,347,336,1807,943,864
"......Taytay",4919,2560,2359,5282,2776,2506
"......Teresa",981,512,469,914,480,434
"....CITY OF LUCENA",8096,4277,3819,3944,2059,1885
"MIMAROPA REGION",40706,21193,19513,40868,21283,19585
"....MARINDUQUE",2715,1367,1348,2755,1389,1366
"......Boac",1738,836,902,646,319,327
"......Buenavista",144,88,56,324,170,154
"......Gasan",113,61,52,432,228,204
"......Mogpog",10,7,3,336,153,183
"......Santa Cruz",444,227,217,647,323,324
"......Torrijos",266,148,118,370,196,174
"....OCCIDENTAL MINDORO",6657,3520,3137,6646,3508,3138
"......Abra de Ilog",237,120,117,435,235,200
"......Calintaan",125,66,59,325,170,155
"......Looc",14,6,8,60,32,28
"......Lubang",100,53,47,121,58,63
"......Magsaysay",292,167,125,526,306,220
"......Mamburao",1766,932,834,795,405,390
"......Paluan",157,90,67,293,171,122
"......Rizal",215,105,110,465,247,218
"......Sablayan",1084,567,517,1234,642,592
"......San Jose",2375,1279,1096,1746,918,828
"......Santa Cruz",292,135,157,646,324,322
"....ORIENTAL MINDORO",11932,6232,5700,11987,6256,5731
"......Baco",92,52,40,592,317,275
"......Bansud",125,63,62,681,342,339
"......Bongabong",460,232,228,998,538,460
"......Bulalacao",517,290,227,659,367,292
"......City of Calapan",5187,2693,2494,1956,1037,919
"......Gloria",101,50,51,665,332,333
"......Mansalay",201,103,98,857,432,425
"......Naujan",318,165,153,1219,607,612
"......Pinamalayan",2157,1120,1037,1179,631,548
"......Pola",25,19,6,403,199,204
"......Puerto Galera",193,105,88,496,256,240
"......Roxas",1712,888,824,872,449,423
"......San Teodoro",33,16,17,197,103,94
"......Socorro",555,299,256,473,259,214
"......Victoria",256,137,119,740,387,353
"....PALAWAN",11108,5797,5311,12143,6329,5814
"......Aborlan",992,521,471,594,314,280
"......Agutaya",30,16,14,65,34,31
"......Araceli",37,19,18,137,63,74
"......Balabac",301,159,142,441,233,208
"......Bataraza",944,488,456,1173,611,562
"......Brooke's Point",1602,850,752,1187,624,563
"......Busuanga",89,52,37,267,146,121
"......Cagayancillo",38,13,25,59,23,36
"......Coron",370,199,171,835,438,397
"......Culion",969,494,475,277,135,142
"......Cuyo",198,90,108,219,106,113
"......Dr. Jose P. Rizal",744,399,345,849,454,395
"......Dumaran",212,108,104,252,128,124
"......El Nido",465,257,208,782,426,356
"......Kalayaan",0,0,0,0,0,0
"......Linapacan",81,34,47,138,66,72
"......Magsaysay",43,16,27,105,52,53
"......Narra",789,411,378,1136,585,551
"......Quezon",508,240,268,669,331,338
"......Roxas",767,405,362,946,506,440
"......San Vicente",251,149,102,350,194,156
"......Sofronio Espańola",493,270,223,628,340,288
"......Taytay",1185,607,578,1034,520,514
"....ROMBLON",3977,2063,1914,4029,2100,1929
"......Alcantara",19,9,10,211,109,102
"......Banton",20,7,13,28,12,16
"......Cajidiocan",465,251,214,326,165,161
"......Calatrava",34,19,15,187,96,91
"......Concepcion",13,8,5,21,13,8
"......Corcuera",36,16,20,63,26,37
"......Ferrol",1,1,0,69,39,30
"......Looc",454,219,235,274,140,134
"......Magdiwang",80,45,35,219,123,96
"......Odiongan",1252,635,617,570,293,277
"......Romblon",724,399,325,606,343,263
"......San Agustin",270,132,138,349,180,169
"......San Andres",249,124,125,264,130,134
"......San Fernando",132,71,61,324,182,142
"......San Jose",140,83,57,185,100,85
"......Santa Fe",47,26,21,220,98,122
"......Santa Maria",41,18,23,113,51,62
"....CITY OF PUERTO PRINCESA",4317,2214,2103,3308,1701,1607
"REGION V (BICOL REGION)",89661,46717,42944,90033,46903,43130
"....ALBAY",19532,10153,9379,19202,9995,9207
"......Bacacay",589,333,256,1018,554,464
"......Camalig",300,172,128,956,524,432
"......Daraga",6375,3257,3118,1795,906,889
"......Guinobatan",557,288,269,1136,592,544
"......Jovellar",72,38,34,218,111,107
"......City of Legazpi",2495,1289,1206,2936,1487,1449
"......Libon",864,415,449,1134,563,571
"......City of Ligao",2941,1584,1357,1830,963,867
"......Malilipot",447,246,201,615,331,284
"......Malinao",290,151,139,666,351,315
"......Manito",268,131,137,357,186,171
"......Oas",36,20,16,858,463,395
"......Pio Duran",672,354,318,747,392,355
"......Polangui",841,464,377,1311,712,599
"......Rapu-Rapu",211,97,114,422,199,223
"......Santo Domingo",149,68,81,440,220,220
"......City of Tabaco",1790,931,859,1912,1013,899
"......Tiwi",635,315,320,851,428,423
"....CAMARINES NORTE",10363,5461,4902,10492,5536,4956
"......Basud",80,42,38,744,380,364
"......Capalonga",304,164,140,536,274,262
"......Daet",6694,3520,3174,1622,827,795
"......Jose Panganiban",439,235,204,1117,618,499
"......Labo",1200,638,562,1974,1056,918
"......Mercedes",217,112,105,944,515,429
"......Paracale",241,125,116,1286,686,600
"......San Lorenzo Ruiz",7,3,4,233,116,117
"......San Vicente",68,36,32,174,87,87
"......Santa Elena",571,301,270,668,354,314
"......Talisay",87,46,41,419,210,209
"......Vinzons",455,239,216,775,413,362
"....CAMARINES SUR",30190,15750,14440,30063,15652,14411
"......Baao",694,373,321,894,499,395
"......Balatan",638,335,303,612,320,292
"......Bato",526,276,250,833,437,396
"......Bombon",316,175,141,224,133,91
"......Buhi",885,440,445,1253,621,632
"......Bula",518,266,252,1025,525,500
"......Cabusao",1427,712,715,259,133,126
"......Calabanga",281,155,126,1278,650,628
"......Camaligan",4,2,2,338,184,154
"......Canaman",41,21,20,438,234,204
"......Caramoan",568,299,269,741,387,354
"......Del Gallego",360,194,166,373,202,171
"......Gainza",1,1,0,157,94,63
"......Garchitorena",435,221,214,468,250,218
"......Goa",956,494,462,1274,648,626
"......City of Iriga",1449,772,677,1482,769,713
"......Lagonoy",620,317,303,874,462,412
"......Libmanan",475,244,231,1462,750,712
"......Lupi",43,22,21,382,198,184
"......Magarao",138,63,75,389,206,183
"......Milaor",7,5,2,469,227,242
"......Minalabac",250,131,119,742,407,335
"......Nabua",564,307,257,1086,575,511
"......City of Naga",13381,7079,6302,3018,1594,1424
"......Ocampo",355,178,177,785,417,368
"......Pamplona",373,203,170,550,301,249
"......Pasacao",338,169,169,751,397,354
"......Pili",533,259,274,1528,784,744
"......Presentacion",63,26,37,304,153,151
"......Ragay",658,329,329,918,469,449
"......Sagńay",292,154,138,581,297,284
"......San Fernando",103,49,54,510,262,248
"......San Jose",380,191,189,705,357,348
"......Sipocot",601,291,310,916,442,474
"......Siruma",180,97,83,338,184,154
"......Tigaon",716,366,350,848,422,426
"......Tinambac",1021,534,487,1258,662,596
"....CATANDUANES",3683,1868,1815,3679,1861,1818
"......Bagamanoc",2,1,1,142,62,80
"......Baras",1,0,1,179,97,82
"......Bato",191,87,104,264,122,142
"......Caramoran",123,71,52,435,235,200
"......Gigmoto",97,47,50,139,70,69
"......Pandan",412,206,206,324,157,167
"......Panganiban",5,2,3,123,70,53
"......San Andres",293,158,135,595,303,292
"......San Miguel",1,0,1,202,90,112
"......Viga",358,197,161,285,156,129
"......Virac",2200,1099,1101,991,499,492
"....MASBATE",13282,6929,6353,13667,7135,6532
"......Aroroy",1049,506,543,1261,619,642
"......Baleno",366,177,189,468,225,243
"......Balud",475,247,228,590,307,283
"......Batuan",62,33,29,203,107,96
"......Cataingan",529,291,238,665,357,308
"......Cawayan",1072,580,492,1136,615,521
"......Claveria",261,135,126,347,183,164
"......Dimasalang",286,147,139,345,178,167
"......Esperanza",192,98,94,237,119,118
"......Mandaon",547,307,240,650,358,292
"......City of Masbate",4013,2097,1916,2023,1054,969
"......Milagros",746,395,351,905,486,419
"......Mobo",346,168,178,661,336,325
"......Monreal",49,24,25,316,176,140
"......Palanas",402,205,197,452,227,225
"......Pio V. Corpus",290,144,146,351,178,173
"......Placer",760,396,364,965,501,464
"......San Fernando",49,22,27,280,151,129
"......San Jacinto",749,392,357,380,187,193
"......San Pascual",466,258,208,587,321,266
"......Uson",573,307,266,845,450,395
"....SORSOGON",12611,6556,6055,12930,6724,6206
"......Barcelona",46,22,24,287,154,133
"......Bulan",724,361,363,1712,864,848
"......Bulusan",5,3,2,282,147,135
"......Casiguran",310,149,161,616,287,329
"......Castilla",839,416,423,1017,511,506
"......Donsol",798,418,380,836,442,394
"......Gubat",743,382,361,708,374,334
"......Irosin",2005,1069,936,1068,573,495
"......Juban",364,189,175,560,280,280
"......Magallanes",351,177,174,641,337,304
"......Matnog",332,174,158,685,369,316
"......Pilar",495,251,244,1218,614,604
"......Prieto Diaz",84,42,42,309,169,140
"......Santa Magdalena",26,18,8,206,124,82
"......City of Sorsogon",5489,2885,2604,2785,1479,1306
"REGION VI (WESTERN VISAYAS)",49752,25748,24004,49909,25819,24090
"....AKLAN",7273,3818,3455,7115,3726,3389
"......Altavas",204,130,74,275,161,114
"......Balete",144,67,77,319,160,159
"......Banga",50,28,22,428,219,209
"......Batan",17,9,8,317,181,136
"......Buruanga",74,41,33,170,92,78
"......Ibajay",617,321,296,646,334,312
"......Kalibo",5099,2648,2451,1131,572,559
"......Lezo",38,20,18,155,75,80
"......Libacao",188,118,70,342,201,141
"......Madalag",96,53,43,233,126,107
"......Makato",25,9,16,376,212,164
"......Malay",473,233,240,723,365,358
"......Malinao",44,25,19,265,139,126
"......Nabas",40,22,18,539,284,255
"......New Washington",91,55,36,559,272,287
"......Numancia",36,20,16,368,182,186
"......Tangalan",37,19,18,269,151,118
"....ANTIQUE",5517,2897,2620,5889,3093,2796
"......Anini-y",60,36,24,172,96,76
"......Barbaza",148,78,70,214,108,106
"......Belison",34,18,16,128,63,65
"......Bugasong",81,39,42,249,130,119
"......Caluya",279,135,144,464,227,237
"......Culasi",492,238,254,405,205,200
"......Hamtic",128,65,63,533,274,259
"......Laua-an",129,71,58,245,132,113
"......Libertad",60,26,34,183,98,85
"......Pandan",259,134,125,364,173,191
"......Patnongon",99,47,52,347,187,160
"......San Jose",2448,1321,1127,643,351,292
"......San Remigio",151,77,74,392,202,190
"......Sebaste",149,80,69,171,97,74
"......Sibalom",650,354,296,679,372,307
"......Tibiao",45,25,20,197,108,89
"......Tobias Fornier",123,59,64,260,144,116
"......Valderrama",182,94,88,243,126,117
"....CAPIZ",7989,4139,3850,8303,4309,3994
"......Cuartero",25,14,11,258,140,118
"......Dao",281,143,138,303,158,145
"......Dumalag",3,1,2,254,135,119
"......Dumarao",152,79,73,504,275,229
"......Ivisan",378,188,190,382,200,182
"......Jamindan",49,27,22,335,178,157
"......Ma-ayon",60,28,32,439,242,197
"......Mambusao",624,322,302,336,156,180
"......Panay",3,1,2,475,265,210
"......Panitan",22,5,17,373,187,186
"......Pilar",91,50,41,493,249,244
"......Pontevedra",779,406,373,519,283,236
"......President Roxas",572,299,273,424,214,210
"......City of Roxas",4537,2354,2183,2103,1047,1056
"......Sapi-an",25,17,8,293,146,147
"......Sigma",90,47,43,285,158,127
"......Tapaz",298,158,140,527,276,251
"....GUIMARAS",2049,1054,995,2281,1169,1112
"......Buenavista",108,60,48,581,297,284
"......Jordan",1878,960,918,543,270,273
"......Nueva Valencia",59,31,28,492,265,227
"......San Lorenzo",0,0,0,368,189,179
"......Sibunag",4,3,1,297,148,149
"....ILOILO",17672,9014,8658,21905,11253,10652
"......Ajuy",22,11,11,576,296,280
"......Alimodian",1097,560,537,456,262,194
"......Anilao",50,29,21,335,182,153
"......Badiangan",12,6,6,219,103,116
"......Balasan",872,489,383,330,166,164
"......Banate",76,36,40,363,185,178
"......Barotac Nuevo",1573,819,754,646,334,312
"......Barotac Viejo",688,359,329,575,281,294
"......Batad",26,10,16,183,103,80
"......Bingawan",9,5,4,186,89,97
"......Cabatuan",883,460,423,671,355,316
"......Calinog",1240,651,589,785,400,385
"......Carles",213,100,113,589,292,297
"......Concepcion",201,105,96,579,314,265
"......Dingle",37,19,18,412,205,207
"......Dueńas",23,13,10,315,168,147
"......Dumangas",678,346,332,722,370,352
"......Estancia",66,28,38,477,263,214
"......Guimbal",1535,802,733,337,188,149
"......Igbaras",15,7,8,316,158,158
"......Janiuay",512,258,254,753,388,365
"......Lambunao",803,423,380,887,472,415
"......Leganes",50,26,24,393,198,195
"......Lemery",61,30,31,370,193,177
"......Leon",23,8,15,571,267,304
"......Maasin",42,24,18,444,226,218
"......Miagao",20,8,12,553,264,289
"......Mina",54,29,25,262,137,125
"......New Lucena",20,8,12,225,113,112
"......Oton",10,6,4,928,495,433
"......City of Passi",930,478,452,1136,578,558
"......Pavia",56,33,23,728,384,344
"......Pototan",2486,1184,1302,964,442,522
"......San Dionisio",38,23,15,533,281,252
"......San Enrique",14,10,4,442,218,224
"......San Joaquin",422,208,214,481,249,232
"......San Miguel",8,3,5,353,162,191
"......San Rafael",0,0,0,156,90,66
"......Santa Barbara",1214,587,627,748,369,379
"......Sara",1503,768,735,757,394,363
"......Tigbauan",21,10,11,649,355,294
"......Tubungan",58,28,30,224,113,111
"......Zarraga",11,7,4,276,151,125
"....CITY OF ILOILO",9252,4826,4426,4416,2269,2147
"NEGROS ISLAND REGION (NIR)",53606,27714,25892,53694,27753,25941
"....NEGROS OCCIDENTAL",27261,14130,13131,28478,14763,13715
"......City of Bago",1340,695,645,1867,970,897
"......Binalbagan",575,298,277,861,439,422
"......City of Cadiz",1862,974,888,1621,848,773
"......Calatrava",431,217,214,999,505,494
"......Candoni",150,79,71,216,110,106
"......Cauayan",686,359,327,1221,653,568
"......Enrique B. Magalona",233,113,120,523,249,274
"......City of Escalante",1041,575,466,1248,693,555
"......City of Himamaylan",1203,604,599,1295,652,643
"......Hinigaran",330,153,177,735,351,384
"......Hinoba-an",602,320,282,827,434,393
"......Ilog",515,269,246,574,299,275
"......Isabela",585,298,287,724,371,353
"......City of Kabankalan",3989,2068,1921,2456,1266,1190
"......City of La Carlota",475,256,219,605,346,259
"......La Castellana",869,451,418,1053,548,505
"......Manapla",316,161,155,448,237,211
"......Moises Padilla",306,149,157,437,215,222
"......Murcia",826,420,406,1146,579,567
"......Pontevedra",239,117,122,539,289,250
"......Pulupandan",62,36,26,247,121,126
"......City of Sagay",1831,968,863,1480,765,715
"......Salvador Benedicto",252,122,130,393,194,199
"......City of San Carlos",2629,1372,1257,1615,858,757
"......San Enrique",43,22,21,247,127,120
"......City of Silay",2344,1237,1107,1286,680,606
"......City of Sipalay",717,366,351,901,468,433
"......City of Talisay",748,363,385,1196,591,605
"......Toboso",263,127,136,559,290,269
"......Valladolid",1310,691,619,422,224,198
"......City of Victorias",489,250,239,737,391,346
"....NEGROS ORIENTAL",18807,9643,9164,19016,9729,9287
"......Amlan",120,58,62,332,161,171
"......Ayungon",138,68,70,559,292,267
"......Bacong",131,66,65,571,300,271
"......City of Bais",1020,527,493,1047,543,504
"......Basay",250,122,128,484,235,249
"......City of Bayawan",2477,1257,1220,1955,1007,948
"......Bindoy",626,312,314,510,264,246
"......City of Canlaon",430,219,211,641,313,328
"......Dauin",98,50,48,390,204,186
"......City of Dumaguete",8257,4257,4000,1649,850,799
"......City of Guihulngan",1532,795,737,1428,726,702
"......Jimalalud",307,159,148,454,235,219
"......La Libertad",225,121,104,510,269,241
"......Mabinay",563,288,275,1136,595,541
"......Manjuyod",63,34,29,544,284,260
"......Pamplona",95,44,51,589,281,308
"......San Jose",54,25,29,340,174,166
"......Santa Catalina",671,357,314,1092,572,520
"......Siaton",724,362,362,1126,574,552
"......Sibulan",208,96,112,936,460,476
"......City of Tanjay",101,50,51,898,459,439
"......Tayasan",309,163,146,425,226,199
"......Valencia",53,29,24,537,273,264
"......Vallehermoso",246,123,123,501,253,248
"......Zamboanguita",109,61,48,362,179,183
"....SIQUIJOR",959,518,441,1046,565,481
"......Enrique Villanueva",4,3,1,58,30,28
"......Larena",4,3,1,136,77,59
"......Lazi",22,11,11,239,121,118
"......Maria",23,16,7,142,82,60
"......San Juan",6,3,3,185,101,84
"......Siquijor",900,482,418,286,154,132
"....CITY OF BACOLOD",6579,3423,3156,5154,2696,2458
"REGION VII (CENTRAL VISAYAS)",89202,46377,42825,89090,46334,42756
"....BOHOL",16547,8571,7976,16661,8646,8015
"......Alburquerque",0,0,0,111,54,57
"......Alicia",96,43,53,269,138,131
"......Anda",117,55,62,223,111,112
"......Antequera",19,10,9,137,76,61
"......Baclayon",39,21,18,213,115,98
"......Balilihan",19,13,6,245,137,108
"......Batuan",16,6,10,160,83,77
"......Bien Unido",186,86,100,328,166,162
"......Bilar",86,36,50,200,93,107
"......Buenavista",161,81,80,434,228,206
"......Calape",245,134,111,335,194,141
"......Candijay",149,70,79,356,178,178
"......Carmen",895,463,432,655,329,326
"......Catigbian",196,97,99,288,149,139
"......Clarin",117,58,59,237,124,113
"......Corella",21,11,10,112,65,47
"......Cortes",26,7,19,177,93,84
"......Dagohoy",65,33,32,283,148,135
"......Danao",111,47,64,294,153,141
"......Dauis",147,66,81,675,343,332
"......Dimiao",42,24,18,123,57,66
"......Duero",10,5,5,224,111,113
"......Garcia Hernandez",37,21,16,229,109,120
"......Getafe",269,135,134,480,243,237
"......Guindulman",49,20,29,371,184,187
"......Inabanga",250,119,131,528,270,258
"......Jagna",1095,550,545,387,216,171
"......Lila",11,4,7,93,53,40
"......Loay",13,6,7,189,93,96
"......Loboc",32,16,16,193,95,98
"......Loon",202,116,86,435,232,203
"......Mabini",190,105,85,372,205,167
"......Maribojoc",53,32,21,210,117,93
"......Panglao",205,101,104,586,299,287
"......Pilar",162,86,76,357,189,168
"......President Carlos P. Garcia",186,98,88,323,179,144
"......Sagbayan",46,21,25,308,163,145
"......San Isidro",27,18,9,120,65,55
"......San Miguel",161,83,78,346,192,154
"......Sevilla",19,5,14,111,45,66
"......Sierra Bullones",97,54,43,303,155,148
"......Sikatuna",14,6,8,64,35,29
"......City of Tagbilaran",6308,3289,3019,1113,559,554
"......Talibon",951,509,442,999,542,457
"......Trinidad",131,68,63,432,230,202
"......Tubigon",407,216,191,518,251,267
"......Ubay",2779,1486,1293,1251,651,600
"......Valencia",90,41,49,264,129,135
"....CEBU",37985,19707,18278,45689,23718,21971
"......Alcantara",112,62,50,217,118,99
"......Alcoy",149,83,66,279,147,132
"......Alegria",144,71,73,310,157,153
"......Aloguinsan",101,52,49,426,223,203
"......Argao",360,182,178,935,476,459
"......Asturias",200,103,97,631,326,305
"......Badian",387,180,207,558,275,283
"......Balamban",2440,1298,1142,1256,657,599
"......Bantayan",810,428,382,882,456,426
"......Barili",509,290,219,1023,531,492
"......City of Bogo",4355,2283,2072,1233,639,594
"......Boljoon",90,46,44,159,73,86
"......Borbon",147,83,64,474,264,210
"......City of Carcar",5190,2616,2574,2068,1021,1047
"......Carmen",141,85,56,896,478,418
"......Catmon",82,45,37,412,198,214
"......Compostela",195,102,93,941,508,433
"......Consolacion",1094,582,512,2283,1204,1079
"......Cordova",455,238,217,987,512,475
"......Daanbantayan",692,339,353,1268,652,616
"......Dalaguete",398,201,197,893,444,449
"......Danao City",4693,2454,2239,2519,1302,1217
"......Dumanjug",220,109,111,787,419,368
"......Ginatilan",48,25,23,160,76,84
"......Liloan",411,223,188,2138,1121,1017
"......Madridejos",200,101,99,491,250,241
"......Malabuyoc",237,136,101,277,152,125
"......Medellin",116,60,56,865,463,402
"......Minglanilla",1172,574,598,2055,1052,1003
"......Moalboal",156,84,72,435,221,214
"......City of Naga",1273,688,585,2009,1084,925
"......Oslob",181,90,91,316,166,150
"......Pilar",43,22,21,101,45,56
"......Pinamungajan",247,107,140,979,510,469
"......Poro",2,1,1,253,128,125
"......Ronda",74,38,36,217,105,112
"......Samboan",70,43,27,199,110,89
"......San Fernando",438,212,226,1137,573,564
"......San Francisco",1059,530,529,881,445,436
"......San Remigio",158,96,62,875,460,415
"......Santa Fe",218,112,106,501,270,231
"......Santander",58,27,31,204,117,87
"......Sibonga",381,201,180,749,403,346
"......Sogod",260,131,129,488,254,234
"......Tabogon",17,8,9,506,278,228
"......Tabuelan",283,133,150,455,216,239
"......City of Talisay",4778,2501,2277,4018,2084,1934
"......City of Toledo",2826,1482,1344,3117,1624,1493
"......Tuburan",313,148,165,726,382,344
"......Tudela",2,2,0,100,49,51
"....CITY OF CEBU",19286,10131,9155,14149,7440,6709
"....CITY OF LAPU-LAPU",6579,3400,3179,7430,3813,3617
"....CITY OF MANDAUE",8805,4568,4237,5161,2717,2444
"REGION VIII (EASTERN VISAYAS)",56349,29430,26919,56614,29565,27049
"....BILIRAN",2664,1394,1270,2641,1373,1268
"......Almeria",58,28,30,231,117,114
"......Biliran",75,38,37,251,127,124
"......Cabucgayan",109,58,51,262,124,138
"......Caibiran",172,88,84,340,175,165
"......Culaba",125,66,59,228,126,102
"......Kawayan",103,56,47,287,162,125
"......Maripipi",44,24,20,81,48,33
"......Naval",1978,1036,942,961,494,467
"....EASTERN SAMAR",5699,3020,2679,5902,3120,2782
"......Arteche",120,65,55,196,106,90
"......Balangiga",369,205,164,202,108,94
"......Balangkayan",13,6,7,109,61,48
"......City of Borongan",1617,815,802,857,421,436
"......Can-avid",15,8,7,308,153,155
"......Dolores",686,346,340,677,355,322
"......General MacArthur",122,69,53,199,109,90
"......Giporlos",4,2,2,153,88,65
"......Guiuan",924,503,421,588,313,275
"......Hernani",12,7,5,81,36,45
"......Jipapad",50,29,21,102,55,47
"......Lawaan",13,7,6,165,90,75
"......Llorente",86,42,44,232,121,111
"......Maslog",53,35,18,77,49,28
"......Maydolong",123,62,61,248,124,124
"......Mercedes",1,1,0,61,30,31
"......Oras",996,554,442,490,267,223
"......Quinapondan",122,68,54,191,113,78
"......Salcedo",46,30,16,207,122,85
"......San Julian",33,17,16,186,97,89
"......San Policarpo",26,14,12,159,85,74
"......Sulat",33,13,20,144,71,73
"......Taft",235,122,113,270,146,124
"....LEYTE",20858,10835,10023,22846,11896,10950
"......Abuyog",534,294,240,523,279,244
"......Alangalang",207,101,106,682,362,320
"......Albuera",575,285,290,726,377,349
"......Babatngon",245,145,100,493,287,206
"......Barugo",137,65,72,498,260,238
"......Bato",145,77,68,510,278,232
"......City of Baybay",1662,874,788,1318,690,628
"......Burauen",623,320,303,685,356,329
"......Calubian",372,189,183,363,189,174
"......Capoocan",166,97,69,419,234,185
"......Carigara",1135,575,560,714,354,360
"......Dagami",212,109,103,504,268,236
"......Dulag",244,124,120,664,337,327
"......Hilongos",1105,590,515,795,410,385
"......Hindang",153,76,77,200,113,87
"......Inopacan",57,29,28,253,141,112
"......Isabel",379,195,184,680,348,332
"......Jaro",210,115,95,635,333,302
"......Javier",127,72,55,327,185,142
"......Julita",2,1,1,185,101,84
"......Kananga",232,109,123,890,442,448
"......La Paz",52,29,23,212,117,95
"......Leyte",227,120,107,535,289,246
"......MacArthur",5,1,4,270,141,129
"......Mahaplag",43,24,19,297,167,130
"......Matag-ob",155,80,75,260,133,127
"......Matalom",109,70,39,350,189,161
"......Mayorga",268,155,113,281,142,139
"......Merida",308,167,141,424,226,198
"......Ormoc City",5337,2751,2586,3077,1568,1509
"......Palo",4271,2197,2074,1004,510,494
"......Palompon",291,160,131,602,307,295
"......Pastrana",78,47,31,288,140,148
"......San Isidro",157,74,83,328,166,162
"......San Miguel",93,44,49,318,156,162
"......Santa Fe",90,38,52,328,155,173
"......Tabango",267,138,129,340,184,156
"......Tabontabon",53,23,30,184,81,103
"......Tanauan",299,146,153,827,426,401
"......Tolosa",1,0,1,295,151,144
"......Tunga",35,16,19,103,51,52
"......Villaba",197,113,84,459,253,206
"....NORTHERN SAMAR",6975,3629,3346,7110,3699,3411
"......Allen",1126,612,514,345,190,155
"......Biri",125,70,55,149,88,61
"......Bobon",82,36,46,303,144,159
"......Capul",116,68,48,155,92,63
"......Catarman",2733,1425,1308,1010,508,502
"......Catubig",436,225,211,418,214,204
"......Gamay",479,227,252,299,141,158
"......Laoang",487,242,245,535,266,269
"......Lapinig",50,28,22,172,86,86
"......Las Navas",133,66,67,306,167,139
"......Lavezares",19,9,10,408,213,195
"......Lope de Vega",33,15,18,111,60,51
"......Mapanas",65,36,29,235,118,117
"......Mondragon",278,147,131,514,279,235
"......Palapag",194,94,100,370,186,184
"......Pambujan",169,83,86,305,157,148
"......Rosario",66,35,31,152,84,68
"......San Antonio",62,33,29,92,52,40
"......San Isidro",27,15,12,360,194,166
"......San Jose",32,19,13,191,96,95
"......San Roque",175,93,82,353,185,168
"......San Vicente",9,5,4,40,19,21
"......Silvino Lobos",56,33,23,88,50,38
"......Victoria",23,13,10,199,110,89
"....SAMAR",10065,5296,4769,10957,5773,5184
"......Almagro",18,7,11,87,47,40
"......Basey",817,405,412,744,376,368
"......City of Calbayog",3264,1733,1531,2611,1383,1228
"......Calbiga",94,53,41,325,182,143
"......City of Catbalogan",3513,1896,1617,1752,930,822
"......Daram",209,104,105,511,268,243
"......Gandara",357,168,189,413,206,207
"......Hinabangan",40,19,21,193,103,90
"......Jiabong",112,55,57,296,159,137
"......Marabut",49,25,24,200,99,101
"......Matuguinao",90,51,39,136,78,58
"......Motiong",195,100,95,250,123,127
"......Pagsanghan",9,3,6,75,33,42
"......Paranas",159,91,68,511,280,231
"......Pinabacdao",121,60,61,254,134,120
"......San Jorge",51,22,29,223,107,116
"......San Jose de Buan",71,40,31,120,67,53
"......San Sebastian",33,21,12,92,54,38
"......Santa Margarita",63,31,32,377,196,181
"......Santa Rita",182,97,85,479,250,229
"......Santo Nińo",36,17,19,135,70,65
"......Tagapul-an",48,20,28,96,43,53
"......Talalora",68,35,33,101,54,47
"......Tarangnan",237,127,110,380,196,184
"......Villareal",185,95,90,384,215,169
"......Zumarraga",44,21,23,212,120,92
"....SOUTHERN LEYTE",4047,2111,1936,4036,2087,1949
"......Anahawan",256,121,135,65,33,32
"......Bontoc",28,13,15,320,167,153
"......Hinunangan",188,87,101,299,146,153
"......Hinundayan",6,2,4,101,53,48
"......Libagon",6,4,2,148,82,66
"......Liloan",116,55,61,222,118,104
"......Limasawa",7,3,4,45,29,16
"......City of Maasin",1852,975,877,768,393,375
"......Macrohon",7,3,4,244,119,125
"......Malitbog",4,1,3,156,86,70
"......Padre Burgos",13,7,6,119,66,53
"......Pintuyan",125,69,56,102,52,50
"......Saint Bernard",110,66,44,279,147,132
"......San Francisco",3,2,1,120,63,57
"......San Juan",23,11,12,128,58,70
"......San Ricardo",0,0,0,86,42,44
"......Silago",41,24,17,131,63,68
"......Sogod",1245,657,588,567,293,274
"......Tomas Oppus",17,11,6,136,77,59
"....CITY OF TACLOBAN",6041,3145,2896,3122,1617,1505
"REGION IX (ZAMBOANGA PENINSULA)",53773,27924,25849,54952,28516,26436
"....SULU",5285,2800,2485,5383,2854,2529
"......Hadji Panglima Tahil",60,32,28,69,37,32
"......Indanan",362,177,185,604,317,287
"......Jolo",2477,1327,1150,1886,1010,876
"......Kalingalan Caluang",195,107,88,207,114,93
"......Lugus",52,24,28,61,28,33
"......Luuk",159,76,83,168,81,87
"......Maimbung",563,323,240,547,319,228
"......Old Panamao",135,67,68,151,80,71
"......Omar",178,93,85,203,101,102
"......Pandami",46,23,23,60,30,30
"......Panglima Estino",31,18,13,46,25,21
"......Pangutaran",242,118,124,273,133,140
"......Parang",385,195,190,379,194,185
"......Pata",11,5,6,20,10,10
"......Patikul",86,48,38,292,160,132
"......Siasi",108,59,49,127,65,62
"......Talipao",169,95,74,245,127,118
"......Tapul",12,7,5,14,7,7
"......Tongkil",14,6,8,31,16,15
"....ZAMBOANGA DEL NORTE",12991,6766,6225,13731,7159,6572
"......Baliguian",40,20,20,170,78,92
"......City of Dapitan",2393,1270,1123,1209,648,561
"......City of Dipolog",3211,1639,1572,1686,884,802
"......Godod",43,28,15,179,97,82
"......Gutalac",125,65,60,582,320,262
"......Jose Dalman",294,162,132,395,212,183
"......Kalawit",148,76,72,304,153,151
"......Katipunan",148,85,63,492,263,229
"......La Libertad",38,24,14,116,64,52
"......Labason",861,452,409,649,336,313
"......Leon T. Postigo",306,161,145,448,228,220
"......Liloy",880,429,451,648,317,331
"......Manukan",336,179,157,450,241,209
"......Mutia",6,3,3,139,71,68
"......Pińan",225,117,108,284,155,129
"......Polanco",116,61,55,580,270,310
"......Pres. Manuel A. Roxas",176,93,83,469,233,236
"......Rizal",35,20,15,179,84,95
"......Salug",134,74,60,430,235,195
"......Sergio Osmeńa Sr.",353,173,180,448,225,223
"......Siayan",427,217,210,494,257,237
"......Sibuco",165,87,78,349,179,170
"......Sibutad",111,56,55,231,126,105
"......Sindangan",1325,723,602,1492,803,689
"......Siocon",573,291,282,559,290,269
"......Sirawai",313,151,162,410,204,206
"......Tampilisan",209,110,99,339,186,153
"....ZAMBOANGA DEL SUR",11860,6108,5752,13390,6906,6484
"......Aurora",439,218,221,731,377,354
"......Bayog",191,96,95,308,162,146
"......Dimataling",156,78,78,362,181,181
"......Dinas",117,62,55,448,239,209
"......Dumalinao",22,9,13,427,232,195
"......Dumingag",371,189,182,661,345,316
"......Guipos",42,16,26,291,149,142
"......Josefina",84,38,46,147,73,74
"......Kumalarang",135,70,65,344,185,159
"......Labangan",119,60,59,600,293,307
"......Lakewood",88,47,41,208,111,97
"......Lapuyan",78,34,44,299,146,153
"......Mahayag",182,90,92,569,294,275
"......Margosatubig",2971,1537,1434,488,239,249
"......Midsalip",334,184,150,520,282,238
"......Molave",232,122,110,637,330,307
"......City of Pagadian",4980,2587,2393,2886,1478,1408
"......Pitogo",248,121,127,376,192,184
"......Ramon Magsaysay",88,39,49,314,156,158
"......San Miguel",63,29,34,309,168,141
"......San Pablo",157,83,74,359,180,179
"......Sominot",73,35,38,209,104,105
"......Tabina",134,73,61,296,152,144
"......Tambulig",169,91,78,507,256,251
"......Tigbao",86,40,46,266,131,135
"......Tukuran",262,138,124,558,298,260
"......Vincenzo A. Sagun",39,22,17,270,153,117
"....ZAMBOANGA SIBUGAY",8354,4286,4068,8515,4357,4158
"......Alicia",582,322,260,596,314,282
"......Buug",216,118,98,498,272,226
"......Diplahan",410,195,215,377,200,177
"......Imelda",159,78,81,413,208,205
"......Ipil",3656,1868,1788,1338,682,656
"......Kabasalan",368,175,193,647,298,349
"......Mabuhay",89,52,37,233,113,120
"......Malangas",304,162,142,468,239,229
"......Naga",323,180,143,569,316,253
"......Olutanga",406,209,197,302,157,145
"......Payao",135,68,67,337,176,161
"......Roseller Lim",514,256,258,608,311,297
"......Siay",319,149,170,550,268,282
"......Talusan",56,28,28,179,91,88
"......Titay",319,157,162,694,341,353
"......Tungawan",498,269,229,706,371,335
"....CITY OF ISABELA",2101,1130,971,1544,828,716
"....CITY OF ZAMBOANGA",13182,6834,6348,12389,6412,5977
"REGION X (NORTHERN MINDANAO)",74997,38893,36104,72880,37825,35055
"....BUKIDNON",24940,12947,11993,25778,13388,12390
"......Baungon",182,92,90,528,284,244
"......Cabanglasan",465,230,235,585,282,303
"......Damulog",144,80,64,495,270,225
"......Dangcagan",118,57,61,420,212,208
"......Don Carlos",375,182,193,1330,661,669
"......Impasug-ong",321,163,158,793,426,367
"......Kadingilan",337,171,166,567,297,270
"......Kalilangan",679,335,344,802,395,407
"......Kibawe",3551,1848,1703,761,383,378
"......Kitaotao",73,35,38,773,417,356
"......Lantapan",311,163,148,1047,566,481
"......Libona",195,97,98,748,370,378
"......City of Malaybalay",5661,2960,2701,3332,1704,1628
"......Malitbog",328,184,144,477,260,217
"......Manolo Fortich",2001,1013,988,1818,928,890
"......Maramag",4635,2464,2171,1955,1055,900
"......Pangantucan",788,406,382,1062,561,501
"......Quezon",1044,537,507,1863,965,898
"......San Fernando",800,436,364,1115,610,505
"......Sumilao",331,164,167,478,247,231
"......Talakag",739,385,354,1214,615,599
"......City of Valencia",1862,945,917,3615,1880,1735
"....CAMIGUIN",840,439,401,868,456,412
"......Catarman",47,23,24,152,85,67
"......Guinsiliban",2,0,2,67,38,29
"......Mahinog",0,0,0,118,57,61
"......Mambajao",701,372,329,360,180,180
"......Sagay",90,44,46,171,96,75
"....LANAO DEL NORTE",6910,3604,3306,8093,4201,3892
"......Bacolod",141,65,76,286,142,144
"......Baloi",272,140,132,528,269,259
"......Baroy",2003,1068,935,314,159,155
"......Kapatagan",2488,1297,1191,931,477,454
"......Kauswagan",177,97,80,318,177,141
"......Kolambugan",418,206,212,366,175,191
"......Lala",98,50,48,1039,530,509
"......Linamon",36,20,16,224,114,110
"......Magsaysay",7,3,4,148,75,73
"......Maigo",108,56,52,318,164,154
"......Matungao",108,62,46,181,105,76
"......Munai",92,51,41,202,111,91
"......Nunungan",44,26,18,127,61,66
"......Pantao Ragat",52,29,23,110,60,50
"......Pantar",61,34,27,159,89,70
"......Poona Piagapo",195,105,90,258,132,126
"......Salvador",72,29,43,347,168,179
"......Sapad",58,22,36,308,148,160
"......Sultan Naga Dimaporo",321,155,166,972,535,437
"......Tagoloan",63,35,28,93,51,42
"......Tangcal",73,44,29,158,94,64
"......Tubod",23,10,13,706,365,341
"....MISAMIS OCCIDENTAL",10577,5554,5023,8724,4625,4099
"......Aloran",1,1,0,324,182,142
"......Baliangao",3,2,1,246,146,100
"......Bonifacio",82,49,33,506,269,237
"......Calamba",829,443,386,338,178,160
"......Clarin",14,10,4,522,266,256
"......Concepcion",16,7,9,49,26,23
"......Don Victoriano Chiongbian",99,56,43,150,89,61
"......Jimenez",147,81,66,349,180,169
"......Lopez Jaena",8,5,3,314,168,146
"......City of Oroquieta",1996,1098,898,964,529,435
"......City of Ozamiz",6142,3169,2973,2133,1127,1006
"......Panaon",0,0,0,116,62,54
"......Plaridel",28,11,17,608,317,291
"......Sapang Dalaga",18,8,10,308,162,146
"......Sinacaban",3,0,3,217,119,98
"......City of Tangub",1050,545,505,1174,586,588
"......Tudela",141,69,72,406,219,187
"....MISAMIS ORIENTAL",8880,4514,4366,13438,6905,6533
"......Alubijid",321,165,156,418,205,213
"......Balingasag",751,375,376,921,486,435
"......Balingoan",3,2,1,132,65,67
"......Binuangan",8,6,2,92,50,42
"......Claveria",419,202,217,721,367,354
"......City of El Salvador",152,80,72,830,456,374
"......City of Gingoog",2610,1317,1293,2182,1102,1080
"......Gitagum",7,3,4,278,158,120
"......Initao",947,505,442,499,252,247
"......Jasaan",640,337,303,715,362,353
"......Kinoguitan",1,1,0,237,111,126
"......Lagonglong",43,26,17,299,159,140
"......Laguindingan",4,1,3,332,174,158
"......Libertad",1,0,1,178,99,79
"......Lugait",5,2,3,216,114,102
"......Magsaysay",293,151,142,521,261,260
"......Manticao",502,261,241,388,198,190
"......Medina",290,138,152,551,274,277
"......Naawan",0,0,0,301,162,139
"......Opol",277,134,143,878,424,454
"......Salay",71,35,36,313,162,151
"......Sugbongcogon",6,6,0,146,71,75
"......Tagoloan",908,463,445,1271,666,605
"......Talisayan",442,219,223,361,185,176
"......Villanueva",179,85,94,658,342,316
"....CITY OF CAGAYAN DE ORO",17067,8863,8204,11155,5778,5377
"....CITY OF ILIGAN",5783,2972,2811,4824,2472,2352
"REGION XI (DAVAO REGION)",68676,35558,33118,68290,35375,32915
"....DAVAO DE ORO",10204,5324,4880,10729,5556,5173
"......Compostela",540,289,251,1148,597,551
"......Laak",1014,520,494,1161,598,563
"......Mabini",122,66,56,618,313,305
"......Maco",55,30,25,1122,576,546
"......Maragusan",962,510,452,984,503,481
"......Mawab",112,68,44,507,276,231
"......Monkayo",586,303,283,1417,732,685
"......Montevista",3335,1740,1595,591,317,274
"......Nabunturan",525,262,263,1048,547,501
"......New Bataan",110,56,54,619,311,308
"......Pantukan",2843,1480,1363,1514,786,728
"....DAVAO DEL NORTE",16605,8663,7942,14614,7650,6964
"......Asuncion",99,52,47,816,422,394
"......Braulio E. Dujali",74,36,38,331,177,154
"......Carmen",2220,1151,1069,1277,660,617
"......Kapalong",2257,1170,1087,1115,596,519
"......New Corella",130,59,71,701,346,355
"......City of Panabo",1256,641,615,2761,1421,1340
"......Island Garden City of Samal",1325,699,626,1597,859,738
"......San Isidro",66,28,38,302,154,148
"......Santo Tomas",421,228,193,1545,809,736
"......City of Tagum",8570,4487,4083,3787,2007,1780
"......Talaingod",187,112,75,382,199,183
"....DAVAO DEL SUR",9081,4638,4443,9150,4651,4499
"......Bansalan",880,432,448,812,391,421
"......City of Digos",5723,2904,2819,2717,1372,1345
"......Hagonoy",7,3,4,705,374,331
"......Kiblawan",515,267,248,559,287,272
"......Magsaysay",97,52,45,709,370,339
"......Malalag",17,7,10,517,259,258
"......Matanao",87,47,40,766,399,367
"......Padada",194,105,89,331,164,167
"......Santa Cruz",1074,560,514,1590,822,768
"......Sulop",487,261,226,444,213,231
"....DAVAO OCCIDENTAL",1150,604,546,2236,1192,1044
"......Don Marcelino",62,25,37,243,132,111
"......Jose Abad Santos",124,62,62,402,209,193
"......Malita",695,370,325,895,473,422
"......Santa Maria",208,107,101,626,333,293
"......Sarangani",61,40,21,70,45,25
"....DAVAO ORIENTAL",6493,3323,3170,8054,4159,3895
"......Baganga",632,326,306,822,422,400
"......Banaybanay",48,25,23,646,347,299
"......Boston",20,7,13,144,72,72
"......Caraga",51,24,27,424,207,217
"......Cateel",434,222,212,498,258,240
"......Governor Generoso",289,143,146,819,417,402
"......Lupon",383,201,182,924,480,444
"......Manay",305,162,143,476,255,221
"......City of Mati",4274,2186,2088,2460,1271,1189
"......San Isidro",14,8,6,411,219,192
"......Tarragona",43,19,24,430,211,219
"....CITY OF DAVAO",25143,13006,12137,23507,12167,11340
"REGION XII (SOCCSKSARGEN)",64847,33674,31173,65259,33830,31429
"....COTABATO",20650,10788,9862,21510,11183,10327
"......Alamada",496,251,245,1160,632,528
"......Aleosan",737,381,356,636,321,315
"......Antipas",487,240,247,359,173,186
"......Arakan",268,138,130,720,386,334
"......Banisilan",270,147,123,730,380,350
"......Carmen",1494,763,731,2292,1175,1117
"......Kabacan",1625,878,747,1371,755,616
"......City of Kidapawan",6471,3428,3043,2293,1163,1130
"......Libungan",852,428,424,786,386,400
"......Magpet",212,112,100,867,478,389
"......Makilala",341,178,163,1173,626,547
"......Matalam",318,159,159,1209,620,589
"......Midsayap",2753,1497,1256,1627,874,753
"......M'lang",1617,814,803,1369,705,664
"......Pigkawayan",255,118,137,886,434,452
"......Pikit",1751,909,842,2566,1342,1224
"......President Roxas",384,194,190,663,343,320
"......Tulunan",319,153,166,803,390,413
"....SARANGANI",8894,4611,4283,9151,4738,4413
"......Alabel",2842,1487,1355,1478,760,718
"......Glan",1540,860,680,1577,879,698
"......Kiamba",1400,682,718,1213,598,615
"......Maasim",803,413,390,1121,569,552
"......Maitum",610,304,306,811,415,396
"......Malapatan",559,295,264,1312,680,632
"......Malungon",1140,570,570,1639,837,802
"....SOUTH COTABATO",13882,7210,6672,13713,7119,6594
"......Banga",190,117,73,1146,610,536
"......City of Koronadal",7301,3828,3473,2731,1390,1341
"......Lake Sebu",265,139,126,1025,554,471
"......Norala",922,460,462,634,311,323
"......Polomolok",1720,894,826,2503,1327,1176
"......Santo Nińo",94,51,43,489,250,239
"......Surallah",2574,1321,1253,1255,655,600
"......Tampakan",150,80,70,548,279,269
"......Tantangan",53,26,27,633,321,312
"......T'boli",123,60,63,1527,803,724
"......Tupi",490,234,256,1222,619,603
"....SULTAN KUDARAT",11427,5874,5553,11620,5961,5659
"......Bagumbayan",580,303,277,1153,625,528
"......Columbio",172,93,79,453,242,211
"......Esperanza",315,167,148,913,474,439
"......Isulan",5249,2730,2519,1430,759,671
"......Kalamansig",492,254,238,730,371,359
"......Lambayong",1013,484,529,1477,739,738
"......Lebak",839,404,435,977,483,494
"......Lutayan",204,110,94,637,328,309
"......Palimbang",643,323,320,941,484,457
"......President Quirino",66,28,38,621,304,317
"......Sen. Ninoy Aquino",456,239,217,666,343,323
"......City of Tacurong",1398,739,659,1622,809,813
"....CITY OF GENERAL SANTOS",9994,5191,4803,9265,4829,4436
"REGION XIII (Caraga)",35004,18217,16787,35447,18434,17013
"....AGUSAN DEL NORTE",3189,1618,1571,4557,2355,2202
"......Buenavista",540,284,256,851,461,390
"......City of Cabadbaran",1474,749,725,944,474,470
"......Carmen",252,127,125,327,167,160
"......Jabonga",213,98,115,282,127,155
"......Kitcharao",187,111,76,260,154,106
"......Las Nieves",128,53,75,315,143,172
"......Magallanes",23,10,13,228,126,102
"......Nasipit",308,155,153,492,250,242
"......Remedios T. Romualdez",3,0,3,210,103,107
"......Santiago",51,24,27,319,176,143
"......Tubay",10,7,3,329,174,155
"....AGUSAN DEL SUR",9263,4814,4449,9609,4993,4616
"......City of Bayugan",1143,573,570,1545,787,758
"......Bunawan",1075,567,508,677,342,335
"......Esperanza",304,161,143,661,324,337
"......La Paz",294,156,138,408,224,184
"......Loreto",463,255,208,590,317,273
"......Prosperidad",3212,1668,1544,1084,583,501
"......Rosario",240,113,127,700,360,340
"......San Francisco",613,327,286,996,518,478
"......San Luis",175,91,84,482,258,224
"......Santa Josefa",136,61,75,339,175,164
"......Sibagat",169,93,76,393,215,178
"......Talacogon",765,400,365,603,299,304
"......Trento",635,331,304,719,369,350
"......Veruela",39,18,21,412,222,190
"....DINAGAT ISLANDS",734,375,359,1204,624,580
"......Basilisa",7,3,4,188,92,96
"......Cagdianao",7,2,5,188,96,92
"......Dinagat",407,207,200,123,57,66
"......Libjo",181,90,91,212,113,99
"......Loreto",82,51,31,98,57,41
"......San Jose",50,22,28,310,154,156
"......Tubajon",0,0,0,85,55,30
"....SURIGAO DEL NORTE",7078,3705,3373,6560,3423,3137
"......Alegria",23,13,10,229,136,93
"......Bacuag",2,2,0,128,77,51
"......Burgos",1,1,0,50,26,24
"......Claver",184,108,76,528,288,240
"......Dapa",1290,664,626,466,225,241
"......Del Carmen",4,3,1,265,145,120
"......General Luna",16,10,6,361,192,169
"......Gigaquit",74,42,32,215,118,97
"......Mainit",123,67,56,347,186,161
"......Malimono",94,45,49,190,95,95
"......Pilar",3,1,2,142,61,81
"......Placer",1043,571,472,358,189,169
"......San Benito",3,2,1,74,41,33
"......San Francisco",5,5,0,166,101,65
"......San Isidro",0,0,0,106,54,52
"......Santa Monica",3,2,1,117,61,56
"......Sison",49,34,15,178,105,73
"......Socorro",236,107,129,366,174,192
"......City of Surigao",3870,2004,1866,1878,955,923
"......Tagana-an",22,10,12,223,111,112
"......Tubod",33,14,19,173,83,90
"....SURIGAO DEL SUR",8802,4551,4251,9113,4721,4392
"......Barobo",488,253,235,788,425,363
"......Bayabas",14,9,5,132,73,59
"......City of Bislig",1831,963,868,1443,763,680
"......Cagwait",100,49,51,275,148,127
"......Cantilan",41,18,23,442,208,234
"......Carmen",0,0,0,128,67,61
"......Carrascal",201,114,87,416,217,199
"......Cortes",104,56,48,232,109,123
"......Hinatuan",608,304,304,652,330,322
"......Lanuza",9,6,3,158,86,72
"......Lianga",617,329,288,526,280,246
"......Lingig",146,74,72,464,231,233
"......Madrid",551,270,281,205,109,96
"......Marihatag",503,255,248,291,147,144
"......San Agustin",79,36,43,318,164,154
"......San Miguel",286,150,136,628,335,293
"......Tagbina",90,38,52,597,301,296
"......Tago",29,12,17,497,266,231
"......City of Tandag",3105,1615,1490,921,462,459
"....CITY OF BUTUAN",5938,3154,2784,4404,2318,2086
"BANGSAMORO AUTONOMOUS REGION IN MUSLIM MINDANAO (BARMM)",36382,18926,17456,37267,19434,17833
"....BASILAN",2679,1388,1291,3363,1752,1611
"......Akbar",13,10,3,48,26,22
"......Al-Barka",53,34,19,116,72,44
"......Hadji Mohammad Ajul",83,47,36,169,90,79
"......Hadji Muhtamad",44,21,23,53,26,27
"......City of Lamitan",1198,608,590,1154,584,570
"......Lantawan",70,35,35,189,101,88
"......Maluso",259,140,119,416,217,199
"......Sumisip",432,210,222,533,263,270
"......Tabuan-Lasa",148,79,69,58,34,24
"......Tipo-tipo",170,88,82,269,146,123
"......Tuburan",31,16,15,120,61,59
"......Ungkaya Pukan",178,100,78,238,132,106
"....LANAO DEL SUR",10467,5518,4949,10401,5463,4938
"......Amai Manabilang",52,28,24,157,80,77
"......Bacolod-Kalawi",23,11,12,80,40,40
"......Balabagan",68,33,35,460,249,211
"......Balindong",137,67,70,335,172,163
"......Bayang",16,9,7,86,41,45
"......Binidayan",106,61,45,133,77,56
"......Buadiposo-Buntong",70,38,32,154,76,78
"......Bubong",147,73,74,268,129,139
"......Butig",25,16,9,137,72,65
"......Calanogas",42,21,21,106,63,43
"......Ditsaan-Ramain",200,105,95,238,123,115
"......Ganassi",9,7,2,85,51,34
"......Kapai",7,2,5,74,30,44
"......Kapatagan",57,28,29,257,141,116
"......Lumba-Bayabao",35,21,14,155,78,77
"......Lumbaca-Unayan",11,3,8,45,22,23
"......Lumbatan",29,19,10,86,48,38
"......Lumbayanague",11,7,4,58,32,26
"......Madalum",12,4,8,57,31,26
"......Madamba",13,8,5,48,25,23
"......Maguing",48,23,25,156,75,81
"......Malabang",2049,1100,949,799,418,381
"......Marantao",148,69,79,594,314,280
"......City of Marawi",5119,2711,2408,2376,1257,1119
"......Marogong",22,12,10,167,84,83
"......Masiu",74,46,28,275,161,114
"......Mulondo",86,46,40,151,84,67
"......Pagayawan",88,43,45,136,70,66
"......Piagapo",153,69,84,274,137,137
"......Picong",43,23,20,325,161,164
"......Poona Bayabao",38,21,17,157,76,81
"......Pualas",11,7,4,70,43,27
"......Saguiaran",82,41,41,317,168,149
"......Sultan Dumalondong",42,28,14,70,43,27
"......Tagoloan II",11,6,5,15,6,9
"......Tamparan",525,280,245,247,136,111
"......Taraka",55,31,24,144,79,65
"......Tubaran",19,12,7,76,46,30
"......Tugaya",30,13,17,156,78,78
"......Wao",754,376,378,877,447,430
"....MAGUINDANAO DEL NORTE",12825,6646,6179,11927,6184,5743
"......Barira",69,31,38,466,240,226
"......Buldon",70,32,38,363,189,174
"......City of Cotabato",7420,3868,3552,3805,1981,1824
"......Datu Blah T. Sinsuat",67,26,41,133,64,69
"......Datu Odin Sinsuat",789,405,384,1754,926,828
"......Kabuntalan",56,30,26,158,84,74
"......Matanog",136,73,63,447,233,214
"......Northern Kabuntalan",116,58,58,150,79,71
"......Parang",1702,862,840,1431,730,701
"......Sultan Kudarat",1008,551,457,1546,811,735
"......Sultan Mastura",461,253,208,589,310,279
"......Talitay",70,32,38,139,59,80
"......Upi",861,425,436,946,478,468
"....MAGUINDANAO DEL SUR",9024,4663,4361,10064,5252,4812
"......Ampatuan",321,157,164,483,233,250
"......Buluan",1365,730,635,859,466,393
"......Datu Abdullah Sangki",108,57,51,303,165,138
"......Datu Anggal Midtimbang",145,72,73,265,126,139
"......Datu Hoffer Ampatuan",1150,617,533,180,89,91
"......Datu Paglas",710,341,369,839,428,411
"......Datu Piang",207,96,111,305,161,144
"......Datu Salibo",180,98,82,187,96,91
"......Datu Saudi Ampatuan",502,242,260,590,287,303
"......Datu Unsay",36,18,18,110,64,46
"......Gen. S.K. Pendatun",846,430,416,823,414,409
"......Guindulungan",124,64,60,222,119,103
"......Mamasapano",131,72,59,400,207,193
"......Mangudadatu",130,73,57,285,153,132
"......Pagagawan",239,125,114,378,204,174
"......Pagalungan",694,335,359,683,336,347
"......Paglat",131,75,56,371,213,158
"......Pandag",0,0,0,213,115,98
"......Rajah Buayan",230,129,101,320,192,128
"......Shariff Aguak",500,273,227,705,378,327
"......Shariff Saydona Mustapha",318,161,157,226,128,98
"......South Upi",577,305,272,650,344,306
"......Sultan sa Barongis",312,154,158,434,205,229
"......Talayan",68,39,29,233,129,104
"....TAWI-TAWI",1387,711,676,1512,783,729
"......Bongao",591,308,283,562,297,265
"......Languyan",103,59,44,114,65,49
"......Mapun",190,91,99,217,110,107
"......Panglima Sugala",84,35,49,98,38,60
"......Sapa-sapa",75,39,36,86,43,43
"......Sibutu",79,34,45,97,46,51
"......Simunul",69,41,28,93,55,38
"......Sitangkai",36,20,16,44,22,22
"......South Ubian",82,46,36,103,55,48
"......Tandubas",66,31,35,85,45,40
"......Turtle Islands",12,7,5,13,7,6
"FOREIGN COUNTRY",0,0,0,125,55,70
